{"mean": [7.132085561497325, 7.31283422459893, 70.16577540106952], "std": [0.7945923066929989, 1.1953546401942918, 4.1301428563339595]}